threshold,sensitivity,specificity,precision,youden_j
0.0,1.0,0.0,0.06614921223354958,0.0
0.001,0.9982486865148862,0.056072447587147994,0.06969067123120186,0.05432113410203421
0.002,0.9982486865148862,0.1384443617417194,0.07584830339321358,0.13669304825660555
0.003,0.9947460595446584,0.20617789356159286,0.08152719965551887,0.20092395310625122
0.004,0.9929947460595446,0.25617169085721375,0.08639341764436995,0.24916643691675833
0.005,0.9877408056042032,0.2984741347227391,0.09068982151471297,0.2862149403269423
0.006,0.9824868651488616,0.3340776578588264,0.09461966604823747,0.3165645230076881
0.007,0.9824868651488616,0.3616176653020717,0.0983003329244787,0.34410453045093337
0.008,0.9807355516637478,0.388537402307406,0.10202222627072327,0.3692729539711539
0.009000000000000001,0.9772329246935202,0.4095025431087954,0.10492666415945845,0.3867354678023156
0.01,0.9737302977232924,0.4313360625232601,0.10817120622568094,0.4050663602465525
0.011,0.9719789842381786,0.44994417566058803,0.11124473842453397,0.4219231598987667
0.012,0.9702276707530648,0.46830418062275153,0.11446280991735537,0.4385318513758163
0.013000000000000001,0.968476357267951,0.48381094157052473,0.11731014000848536,0.45228729883847585
0.014,0.9649737302977233,0.5008063515692842,0.12043715846994535,0.4657800818670075
0.015,0.9614711033274956,0.5174295993052971,0.1236765037170534,0.4789007026327927
0.016,0.9597197898423818,0.5309514948517554,0.1265881265881266,0.49067128469413723
0.017,0.9597197898423818,0.5418682545589877,0.12921480782834238,0.5015880444013696
0.018000000000000002,0.957968476357268,0.5543977174047885,0.1321575259724571,0.5123661937620565
0.019,0.9562171628721541,0.566058801637514,0.13501483679525222,0.5222759645096682
0.02,0.9527145359019265,0.5763552909068353,0.13740843647385703,0.5290698268087617
0.021,0.9509632224168126,0.5864036720009924,0.14005674490585504,0.5373668944178052
0.022,0.9509632224168126,0.5963279990075673,0.1430076376086384,0.5472912214243799
0.023,0.9509632224168126,0.6036471901749163,0.14526484751203853,0.554610412591729
0.024,0.9492119089316988,0.6140677335318199,0.14837120175198468,0.5632796424635187
0.025,0.9457092819614711,0.6213869246991688,0.15033407572383073,0.56709620666064
0.026000000000000002,0.9422066549912435,0.627465574990696,0.15193448178480656,0.5696722299819394
0.027,0.9422066549912435,0.6347847661580449,0.15450890292935096,0.5769914211492884
0.028,0.9422066549912435,0.642228011412976,0.15721800116890708,0.5844346664042195
0.029,0.9422066549912435,0.6497953107554894,0.16007140731925024,0.5920019657467328
0.03,0.9404553415061296,0.6564942314849275,0.16243194192377494,0.5969495729910572
0.031,0.9334500875656743,0.662200719513708,0.1636977886977887,0.5956508070793822
0.032,0.9334500875656743,0.6685274779803995,0.16630265210608425,0.6019775655460737
0.033,0.9316987740805605,0.67423396600918,0.16846105129829006,0.6059327400897403
0.034,0.9316987740805605,0.6799404540379606,0.17095115681233933,0.611639228118521
0.035,0.9299474605954466,0.684282347103337,0.17262678803641093,0.6142298076987838
0.036000000000000004,0.9264448336252189,0.6889964024314601,0.17424242424242425,0.615441236056679
0.037,0.9264448336252189,0.6930901873216723,0.17615717615717616,0.6195350209468913
0.038,0.9246935201401051,0.6995409998759459,0.17898305084745764,0.6242345200160511
0.039,0.9246935201401051,0.703634784766158,0.1810078848131642,0.6283283049062631
0.04,0.9246935201401051,0.7078526237439524,0.18314255983350677,0.6325461438840576
0.041,0.9229422066549913,0.7121945168093289,0.18510713031260975,0.6351367234643202
0.042,0.9229422066549913,0.716908572137452,0.18761124955500177,0.6398507787924432
0.043000000000000003,0.9194395796847635,0.7207542488524997,0.18912103746397693,0.6401938285372633
0.044,0.9176882661996497,0.7242277633048009,0.19075354932653804,0.6419160295044506
0.045,0.9159369527145359,0.7274531695819377,0.1922794117647059,0.6433901222964735
0.046,0.9159369527145359,0.7305545217714924,0.1940630797773655,0.6464914744860284
0.047,0.9159369527145359,0.7347723607492866,0.19654265313791808,0.6507093134638224
0.048,0.9141856392294221,0.7383699292891701,0.19840364880273662,0.6525555685185922
0.049,0.9124343257443083,0.7419674978290535,0.20030757400999616,0.6544018235733617
0.05,0.9106830122591943,0.7450688500186081,0.20194174757281552,0.6557518622778025
0.051000000000000004,0.9036777583187391,0.748294256295745,0.20275049115913557,0.6519720146144841
0.052000000000000005,0.9019264448336253,0.7508993921349708,0.20412207689258818,0.6528258369685962
0.053,0.9019264448336253,0.7537526361493612,0.206,0.6556790809829864
0.054,0.9001751313485113,0.7564818260761692,0.20750908356883327,0.6566569574246806
0.055,0.8984238178633975,0.7598312864408883,0.20947325438954675,0.6582551043042857
0.056,0.8966725043782837,0.7634288549807716,0.21165770979743695,0.6601013593590555
0.057,0.8931698774080561,0.7659099367324154,0.2127659574468085,0.6590798141404715
0.058,0.8931698774080561,0.7682669643964769,0.2144659377628259,0.6614368418045329
0.059000000000000004,0.8879159369527145,0.7708721002357027,0.21537807986406118,0.6587880371884172
0.06,0.8844133099824869,0.7736012901625109,0.2167381974248927,0.6580146001449978
0.061,0.8844133099824869,0.7760823719141545,0.21861471861471862,0.6604956818966414
0.062,0.8844133099824869,0.7784393995782161,0.22042776080314272,0.6628527095607031
0.063,0.882661996497373,0.7806723731546954,0.22183098591549297,0.6633343696520684
0.064,0.8809106830122592,0.7829053467311748,0.22325787838437638,0.6638160297434341
0.065,0.8791593695271454,0.7858826448331473,0.2253141831238779,0.6650420143602926
0.066,0.8791593695271454,0.7884877806723731,0.2274580879021296,0.6676471501995185
0.067,0.8774080560420315,0.7908448083364347,0.22908093278463648,0.6682528643784662
0.068,0.8774080560420315,0.7925815655625853,0.2305568338702255,0.6699896216046168
0.069,0.8774080560420315,0.7946904850514824,0.2323747680890538,0.6720985410935141
0.07,0.87215411558669,0.7959310259273044,0.2323845076994867,0.6680851415139943
0.07100000000000001,0.8704028021015762,0.797047512715544,0.23300515705578997,0.66745031481712
0.07200000000000001,0.8686514886164624,0.7992804862920233,0.2346263008514664,0.6679319749084858
0.073,0.8686514886164624,0.8010172435181739,0.2361904761904762,0.6696687321346362
0.074,0.8686514886164624,0.8032502170946533,0.23823246878001922,0.6719017057111156
0.075,0.8669001751313485,0.8053591365835504,0.23982558139534885,0.6722593117148989
0.076,0.8669001751313485,0.8083364346855229,0.2426470588235294,0.6752366098168714
0.077,0.8633975481611208,0.8099491378240913,0.24345679012345678,0.6733466859852122
0.078,0.8598949211908932,0.8129264359260637,0.24562281140570286,0.6728213571169568
0.079,0.8563922942206655,0.815035355414961,0.24696969696969698,0.6714276496356266
0.08,0.8528896672504378,0.8170202208162759,0.24821610601427116,0.6699098880667136
0.081,0.851138353765324,0.8183848157796799,0.24923076923076923,0.6695231695450039
0.082,0.851138353765324,0.8199975189182483,0.2509034589571502,0.6711358726835723
0.083,0.851138353765324,0.8216102220568168,0.2525987525987526,0.6727485758221408
0.084,0.851138353765324,0.8234710333705496,0.25458355159769513,0.6746093871358736
0.085,0.8493870402802102,0.8245875201587892,0.2553975776724592,0.6739745604389995
0.08600000000000001,0.8458844133099825,0.8265723855601042,0.2567783094098884,0.6724567988700867
0.08700000000000001,0.8441330998248686,0.8280610346110905,0.2580299785867238,0.672194134435959
0.088,0.8441330998248686,0.829797791837241,0.2599784250269687,0.6739308916621096
0.089,0.8441330998248686,0.8310383327130629,0.2613882863340564,0.6751714325379314
0.09,0.8423817863397548,0.8327750899392135,0.2629852378348824,0.6751568762789684
0.091,0.8423817863397548,0.8348840094281107,0.2654525386313466,0.6772657957678656
0.092,0.8423817863397548,0.8362486043915147,0.2670738478622987,0.6786303907312696
0.093,0.8423817863397548,0.8379853616176653,0.2691662003357583,0.68036714795742
0.094,0.8423817863397548,0.8398461729313981,0.2714446952595937,0.6822279592711529
0.095,0.8423817863397548,0.8405904974568912,0.2723669309173273,0.6829722837966461
0.096,0.840630472854641,0.8417069842451309,0.2733485193621868,0.6823374570997718
0.097,0.8388791593695272,0.8435677955588636,0.2752873563218391,0.6824469549283907
0.098,0.8388791593695272,0.8449323905222678,0.27703875072296125,0.6838115498917949
0.099,0.8353765323992994,0.8455526609601787,0.2770034843205575,0.6809291933594781
0.1,0.8336252189141856,0.8469172559235827,0.2783625730994152,0.6805424748377682
0.101,0.8266199649737302,0.8479096886242402,0.2779740871613663,0.6745296535979706
0.10200000000000001,0.8266199649737302,0.8492742835876442,0.2797866034380557,0.6758942485613746
0.10300000000000001,0.8248686514886164,0.8498945540255551,0.28019036287923854,0.6747632055141715
0.10400000000000001,0.8248686514886164,0.8513832030765414,0.2822049131216297,0.6762518545651579
0.105,0.8231173380035026,0.8520034735144523,0.2826217678893566,0.6751208115179548
0.106,0.819614711033275,0.8534921225654385,0.28380836870830806,0.6731068335987134
0.107,0.8178633975481612,0.8547326634412604,0.2851037851037851,0.6725960609894215
0.108,0.8126094570928196,0.8563453665798288,0.28606658446362515,0.6689548236726486
0.109,0.8126094570928196,0.8569656370177398,0.28695114409400124,0.6695750941105594
0.11,0.809106830122592,0.8575859074556507,0.28695652173913044,0.6666927375782428
0.111,0.8073555166374781,0.858454286068726,0.2877652933832709,0.665809802706204
0.112,0.8073555166374781,0.8593226646818013,0.2890282131661442,0.6666781813192793
0.113,0.8073555166374781,0.8606872596452053,0.29103535353535354,0.6680427762826833
0.114,0.8056042031523643,0.8613075300831162,0.2915082382762991,0.6669117332354806
0.115,0.8038528896672504,0.8621759086961915,0.29235668789808916,0.6660287983634419
0.116,0.8038528896672504,0.8630442873092669,0.29366602687140114,0.6668971769765173
0.117,0.8003502626970228,0.8640367200099244,0.29426915647134577,0.6643869827069473
0.11800000000000001,0.8003502626970228,0.8650291527105818,0.29579288025889966,0.6653794154076045
0.11900000000000001,0.8003502626970228,0.8662696935864037,0.2977198697068404,0.6666199562834265
0.12,0.7985989492119089,0.8667659099367324,0.2980392156862745,0.6653648591486414
0.121,0.7915936952714536,0.8682545589877186,0.2985468956406869,0.6598482542591722
0.122,0.7915936952714536,0.8688748294256295,0.29953611663353213,0.6604685246970832
0.123,0.7915936952714536,0.8697432080387049,0.3009320905459387,0.6613369033101586
0.124,0.7915936952714536,0.8709837489145267,0.30294906166219837,0.6625774441859802
0.125,0.7898423817863398,0.8716040193524377,0.3034993270524899,0.6614464011387775
0.126,0.7880910683012259,0.8723483438779308,0.30425963488843816,0.6604394121791568
0.127,0.7880910683012259,0.8729686143158417,0.30529172320217096,0.6610596826170676
0.128,0.7845884413309983,0.8734648306661704,0.30517711171662126,0.6580532719971686
0.129,0.7845884413309983,0.8744572633668279,0.30684931506849317,0.6590457046978262
0.13,0.7845884413309983,0.8748294256295744,0.3074811256005491,0.6594178669605726
0.131,0.7828371278458844,0.875821858330232,0.30870165745856354,0.6586589861761163
0.132,0.7810858143607706,0.8766902369433073,0.30972222222222223,0.657776051304078
0.133,0.7810858143607706,0.8779307778191291,0.3118881118881119,0.6590165921798996
0.134,0.7810858143607706,0.8783029400818757,0.31254379817799577,0.6593887544426464
0.135,0.7793345008756567,0.879171318694951,0.31360112755461594,0.6585058195706077
0.136,0.7775831873905429,0.880535913658355,0.31556503198294245,0.6581191010488978
0.137,0.7740805604203153,0.881156184096266,0.3157142857142857,0.6552367445165812
0.138,0.7723292469352014,0.8820245627093413,0.3168103448275862,0.6543538096445427
0.139,0.7705779334500875,0.8828929413224166,0.3179190751445087,0.6534708747725042
0.14,0.7705779334500875,0.8838853740230741,0.31976744186046513,0.6544633074731616
0.14100000000000001,0.7688266199649737,0.8843815903734028,0.3202042304886944,0.6532082103383765
0.14200000000000002,0.7688266199649737,0.8854980771616425,0.3223201174743025,0.6543246971266163
0.14300000000000002,0.7688266199649737,0.8859942935119712,0.3232695139911635,0.6548209134769449
0.14400000000000002,0.7688266199649737,0.8863664557747177,0.3239852398523985,0.6551930757396915
0.145,0.7670753064798599,0.8869867262126288,0.32468495181616014,0.6540620326924886
0.146,0.7635726795096323,0.887855104825704,0.3253731343283582,0.6514277843353362
0.147,0.7618213660245184,0.8887234834387793,0.32657657657657657,0.6505448494632977
0.148,0.7600700525394045,0.8892196997891081,0.32705350414468726,0.6492897523285126
0.149,0.7600700525394045,0.889839970227019,0.32829046898638425,0.6499100227664236
0.15,0.7583187390542907,0.8903361865773477,0.3287775246772969,0.6486549256316385
0.151,0.7583187390542907,0.8905842947525121,0.32927756653992396,0.6489030338068029
0.152,0.7583187390542907,0.8908324029276765,0.32977913175932977,0.6491511419819673
0.153,0.7583187390542907,0.8917007815407517,0.3315467075038285,0.6500195205950425
0.154,0.7583187390542907,0.8924451060662448,0.3330769230769231,0.6507638451205355
0.155,0.7583187390542907,0.8929413224165736,0.3341049382716049,0.6512600614708643
0.156,0.7583187390542907,0.8935615928544846,0.3353989155693261,0.6518803319087754
0.157,0.7583187390542907,0.8943059173799777,0.3369649805447471,0.6526246564342684
0.158,0.7583187390542907,0.8945540255551421,0.33749025720966486,0.6528727646094328
0.159,0.7583187390542907,0.8959186205185461,0.34040880503144655,0.6542373595728368
0.16,0.7565674255691769,0.8970351073067857,0.34231378763866877,0.6536025328759627
0.161,0.7565674255691769,0.8981515940950254,0.34477254588986433,0.6547190196642023
0.162,0.7548161120840631,0.8986478104453541,0.3453525641025641,0.6534639225294172
0.163,0.7548161120840631,0.8992680808832652,0.3467417538213998,0.6540841929673282
0.164,0.7548161120840631,0.9001364594963404,0.34870550161812297,0.6549525715804034
0.165,0.7530647985989493,0.9003845676715048,0.34874290348742903,0.6534493662704541
0.166,0.7530647985989493,0.9008807840218335,0.3498779495524817,0.6539455826207827
0.167,0.7530647985989493,0.9012529462845801,0.35073409461663946,0.6543177448835293
0.168,0.7530647985989493,0.9017491626349088,0.3518821603927987,0.6548139612338582
0.169,0.7530647985989493,0.9022453789852376,0.3530377668308703,0.655310177584187
0.17,0.7495621716287215,0.9028656494231485,0.35342691990090835,0.6524278210518699
0.171,0.7495621716287215,0.9034859198610594,0.3548922056384743,0.6530480914897809
0.17200000000000001,0.7478108581436077,0.9036099739486416,0.3546511627906977,0.6514208320922492
0.17300000000000001,0.7460595446584939,0.903858082123806,0.3547044129891757,0.6499176267822999
0.17400000000000002,0.7425569176882661,0.9041061902989703,0.35421888053467,0.6466631079872365
0.17500000000000002,0.7425569176882661,0.9046024066492991,0.355406538139145,0.6471593243375653
0.176,0.7425569176882661,0.9049745689120456,0.3563025210084034,0.6475314866003119
0.177,0.7390542907180385,0.905842947525121,0.3573243014394581,0.6448972382431595
0.178,0.7390542907180385,0.9064632179630319,0.358843537414966,0.6455175086810705
0.179,0.7390542907180385,0.9070834884009428,0.36037574722459437,0.6461377791189813
0.18,0.7390542907180385,0.9078278129264359,0.3622317596566524,0.6468821036444745
0.181,0.7373029772329247,0.9081999751891825,0.36261843238587427,0.6455029524221072
0.182,0.7373029772329247,0.9086961915395112,0.36387208297320656,0.6459991687724358
0.183,0.7355516637478109,0.9094405160650043,0.3652173913043478,0.6449921798128151
0.184,0.7355516637478109,0.9095645701525865,0.36553524804177545,0.6451162339003975
0.185,0.7355516637478109,0.9098126783277509,0.36617262423714037,0.6453643420755619
0.186,0.7320490367775832,0.9103088946780796,0.3663453111305872,0.6423579314556629
0.187,0.7320490367775832,0.9111772732911549,0.36860670194003525,0.6432263100687381
0.188,0.7320490367775832,0.9116734896414836,0.36991150442477877,0.6437225264190669
0.189,0.7302977232924693,0.912541868254559,0.3716577540106952,0.6428395915470282
0.19,0.7285464098073555,0.9126659223421412,0.37142857142857144,0.6412123321494967
0.191,0.7267950963222417,0.9132861927800521,0.3725314183123878,0.6400812891022938
0.192,0.7267950963222417,0.9140305173055452,0.37454873646209386,0.6408256136277868
0.193,0.7250437828371279,0.9144026795682918,0.375,0.6394464624054197
0.194,0.7197898423817863,0.9146507877434561,0.3739763421292084,0.6344406301252423
0.195,0.7162872154115587,0.9152710581813671,0.37454212454212454,0.6315582735929257
0.196,0.7162872154115587,0.9156432204441136,0.3755739210284665,0.6319304358556723
0.197,0.7145359019264448,0.9161394367944424,0.3763837638376384,0.6306753387208872
0.198,0.712784588441331,0.9166356531447711,0.37720111214087115,0.6294202415861021
0.199,0.712784588441331,0.9173799776702642,0.3793103448275862,0.6301645661115951
0.2,0.712784588441331,0.9176280858454287,0.3800186741363212,0.6304126742867595
0.201,0.712784588441331,0.9180002481081752,0.38108614232209737,0.6307848365495061
0.202,0.712784588441331,0.9186205185460861,0.38287864534336785,0.6314051069874171
0.203,0.712784588441331,0.9191167348964149,0.3843248347497639,0.631901323337746
0.20400000000000001,0.7075306479859895,0.9203572757722367,0.3862332695984704,0.6278879237582262
0.20500000000000002,0.7075306479859895,0.9209775462101476,0.38808837656099904,0.628508194196137
0.20600000000000002,0.7057793345008757,0.9214737625604764,0.388996138996139,0.6272530970613521
0.20700000000000002,0.7057793345008757,0.9217218707356407,0.3897485493230174,0.6275012052365163
0.20800000000000002,0.7057793345008757,0.9222180870859695,0.3912621359223301,0.6279974215868451
0.209,0.7040280210157618,0.9228383575238804,0.392578125,0.6268663785396422
0.21,0.702276707530648,0.9229624116114626,0.3923679060665362,0.6252391191421105
0.211,0.7005253940455342,0.9234586279617913,0.39331366764995085,0.6239840220073254
0.212,0.7005253940455342,0.9240788983997023,0.3952569169960474,0.6246042924452364
0.213,0.7005253940455342,0.9244510606624489,0.39643211100099107,0.624976454707983
0.214,0.6987740805604203,0.9249472770127776,0.39741035856573703,0.6237213575731979
0.215,0.6987740805604203,0.9255675474506885,0.3993993993993994,0.6243416280111087
0.216,0.6987740805604203,0.9258156556258529,0.4002006018054162,0.6245897361862731
0.217,0.6987740805604203,0.9260637638010173,0.40100502512562813,0.6248378443614375
0.218,0.6970227670753065,0.9264359260637638,0.40161453077699294,0.6234586931390704
0.219,0.6952714535901926,0.9270561965016747,0.4030456852791878,0.6223276500918673
0.22,0.6952714535901926,0.9274283587644213,0.40427698574338083,0.6226998123546139
0.221,0.6900175131348512,0.9276764669395856,0.4032753326509724,0.6176939800744368
0.222,0.6900175131348512,0.9282967373774966,0.4053497942386831,0.6183142505123478
0.223,0.6900175131348512,0.9287929537278253,0.40702479338842973,0.6188104668626764
0.224,0.6900175131348512,0.9291651159905719,0.4082901554404145,0.6191826291254232
0.225,0.6900175131348512,0.929289170078154,0.4087136929460581,0.6193066832130052
0.226,0.6882661996497373,0.9295372782533184,0.40894901144641,0.6178034779030557
0.227,0.6847635726795096,0.9300334946036471,0.4094240837696335,0.6147970672831566
0.228,0.681260945709282,0.9302816027788116,0.40904311251314407,0.6115425484880936
0.229,0.681260945709282,0.930529710953976,0.40990516332982085,0.611790656663258
0.23,0.681260945709282,0.9309018732167225,0.41120507399577166,0.6121628189260044
0.231,0.6777583187390543,0.9311499813918869,0.410828025477707,0.6089083001309412
0.232,0.6760070052539404,0.9312740354794691,0.4106382978723404,0.6072810407334095
0.233,0.6725043782837128,0.9313980895670513,0.40981856990394877,0.6039024678507641
0.234,0.670753064798599,0.9313980895670513,0.4091880341880342,0.6021511543656501
0.23500000000000001,0.670753064798599,0.9316461977422156,0.4100642398286938,0.6023992625408146
0.23600000000000002,0.670753064798599,0.9327626845304553,0.41405405405405404,0.6035157493290542
0.23700000000000002,0.6690017513134852,0.9331348467932018,0.4147665580890337,0.6021365981066871
0.23800000000000002,0.6690017513134852,0.9336310631435306,0.41657579062159217,0.6026328144570159
0.23900000000000002,0.6672504378283712,0.9337551172311128,0.4163934426229508,0.6010055550594839
0.24,0.6672504378283712,0.9341272794938593,0.41776315789473684,0.6013777173222306
0.241,0.6672504378283712,0.9344994417566059,0.41914191419141916,0.6017498795849772
0.242,0.6654991243432574,0.934623495844188,0.4189636163175303,0.6001226201874454
0.243,0.6637478108581436,0.9348716040193524,0.4192477876106195,0.5986194148774961
0.244,0.6619964973730298,0.9351197121945168,0.4195338512763596,0.5971162095675466
0.245,0.6619964973730298,0.9353678203696811,0.42046718576195774,0.597364317742711
0.246,0.6619964973730298,0.9353678203696811,0.42046718576195774,0.597364317742711
0.247,0.660245183887916,0.9356159285448455,0.42075892857142855,0.5958611124327615
0.248,0.660245183887916,0.9361121448951742,0.4226457399103139,0.5963573287830903
0.249,0.658493870402802,0.9363602530703387,0.4229471316085489,0.5948541234731408
0.25,0.658493870402802,0.9366083612455031,0.42390078917700114,0.5951022316483052
0.251,0.658493870402802,0.9373526857709962,0.4267877412031782,0.5958465561737982
0.252,0.658493870402802,0.9379729562089071,0.4292237442922374,0.5964668266117092
0.253,0.6549912434325744,0.9382210643840715,0.4288990825688073,0.5932123078166458
0.254,0.6532399299474606,0.9388413348219824,0.43071593533487296,0.5920812647694431
0.255,0.6532399299474606,0.9390894429971468,0.43171296296296297,0.5923293729446075
0.256,0.6532399299474606,0.9393375511723111,0.43271461716937354,0.5925774811197717
0.257,0.6532399299474606,0.9397097134350577,0.4342258440046566,0.5929496433825183
0.258,0.6532399299474606,0.939957821610222,0.4352392065344224,0.5931977515576827
0.259,0.6532399299474606,0.9404540379605508,0.4372801875732708,0.5936939679080115
0.26,0.6514886164623468,0.9407021461357151,0.4376470588235294,0.592190762598062
0.261,0.6514886164623468,0.9410743083984617,0.43919716646989376,0.5925629248608084
0.262,0.6514886164623468,0.9410743083984617,0.43919716646989376,0.5925629248608084
0.263,0.6514886164623468,0.9411983624860439,0.4397163120567376,0.5926869789483908
0.264,0.649737302977233,0.9416945788363726,0.441141498216409,0.5914318818136057
0.265,0.649737302977233,0.9418186329239548,0.44166666666666665,0.5915559359011877
0.266,0.649737302977233,0.9418186329239548,0.44166666666666665,0.5915559359011877
0.267,0.647985989492119,0.9424389033618658,0.44364508393285373,0.5904248928539848
0.268,0.6444833625218914,0.942562957449448,0.4428399518652226,0.5870463199713394
0.269,0.6427320490367776,0.9426870115370302,0.4427020506634499,0.5854190605738077
0.27,0.6427320490367776,0.9430591737997767,0.4443099273607748,0.5857912228365543
0.271,0.6427320490367776,0.9431832278873589,0.4448484848484848,0.5859152769241365
0.272,0.6427320490367776,0.9431832278873589,0.4448484848484848,0.5859152769241365
0.273,0.6409807355516638,0.9431832278873589,0.4441747572815534,0.5841639634390225
0.274,0.6409807355516638,0.9433072819749411,0.44471445929526127,0.584288017526605
0.275,0.6322241681260946,0.9436794442376877,0.4429447852760736,0.5759036123637822
0.276,0.6322241681260946,0.9440516065004342,0.4445812807881773,0.5762757746265288
0.277,0.6304728546409807,0.9444237687631808,0.44554455445544555,0.5748966234041615
0.278,0.6304728546409807,0.9445478228507629,0.44609665427509293,0.5750206774917435
0.279,0.6287215411558669,0.9449199851135095,0.44707347447073476,0.5736415262693764
0.28,0.6287215411558669,0.9451680932886739,0.44818976279650435,0.5738896344445408
0.281,0.626970227670753,0.945292147376256,0.44806007509386736,0.572262375047009
0.28200000000000003,0.626970227670753,0.9455402555514204,0.4491844416562108,0.5725104832221735
0.28300000000000003,0.6252189141856392,0.945912417814167,0.4501891551071879,0.5711313319998061
0.28400000000000003,0.6234676007005254,0.9462845800769135,0.4512040557667934,0.569752180777439
0.28500000000000003,0.6217162872154116,0.9470289046024066,0.4539641943734015,0.5687451918178184
0.28600000000000003,0.6182136602451839,0.9471529586899888,0.45314505776636715,0.5653666189351727
0.28700000000000003,0.6164623467600701,0.947277012777571,0.45302445302445304,0.563739359537641
0.28800000000000003,0.6129597197898424,0.9476491750403175,0.4533678756476684,0.56060889483016
0.289,0.6112084063047285,0.9480213373030641,0.4544270833333333,0.5592297436077927
0.29,0.6112084063047285,0.9482694454782286,0.4556135770234987,0.5594778517829571
0.291,0.6112084063047285,0.9483934995658106,0.4562091503267974,0.5596019058705393
0.292,0.6094570928196147,0.9487656618285573,0.45729303547963207,0.558222754648172
0.293,0.6077057793345009,0.9490137700037217,0.4577836411609499,0.5567195493382227
0.294,0.6077057793345009,0.949261878178886,0.458994708994709,0.5569676575133868
0.295,0.6059544658493871,0.9493859322664682,0.4588859416445623,0.5553403981158551
0.296,0.6059544658493871,0.9495099863540504,0.4594953519256308,0.5554644522034375
0.297,0.6042031523642732,0.9498821486167969,0.4606141522029373,0.55408530098107
0.298,0.6024518388791593,0.9502543108795435,0.46174496644295304,0.5527061497587029
0.299,0.5971978984238179,0.9505024190547079,0.4608108108108108,0.5477003174785258
0.3,0.5971978984238179,0.9507505272298722,0.462059620596206,0.54794842565369
0.301,0.5971978984238179,0.9507505272298722,0.462059620596206,0.54794842565369
0.302,0.5971978984238179,0.9509986354050366,0.4633152173913043,0.5481965338288544
0.303,0.5971978984238179,0.9509986354050366,0.4633152173913043,0.5481965338288544
0.304,0.5936952714535902,0.9513707976677832,0.4637482900136799,0.5450660691213733
0.305,0.5901926444833625,0.9514948517553653,0.46291208791208793,0.5416874962387279
0.306,0.5901926444833625,0.9514948517553653,0.46291208791208793,0.5416874962387279
0.307,0.5884413309982487,0.9519910681056941,0.46473029045643155,0.5404323991039428
0.308,0.5884413309982487,0.9519910681056941,0.46473029045643155,0.5404323991039428
0.309,0.5866900175131349,0.9522391762808584,0.4652777777777778,0.5389291937939933
0.31,0.5814360770577933,0.952611338543605,0.4649859943977591,0.5340474156013983
0.311,0.5796847635726795,0.9531075548939337,0.46685472496473907,0.5327923184666132
0.312,0.5796847635726795,0.9532316089815159,0.4675141242937853,0.5329163725541954
0.313,0.5796847635726795,0.9532316089815159,0.4675141242937853,0.5329163725541954
0.314,0.5796847635726795,0.9532316089815159,0.4675141242937853,0.5329163725541954
0.315,0.5779334500875657,0.9536037712442625,0.46875,0.5315372213318281
0.316,0.5761821366024519,0.9536037712442625,0.46799431009957326,0.5297859078467144
0.317,0.5761821366024519,0.9536037712442625,0.46799431009957326,0.5297859078467144
0.318,0.5726795096322241,0.9538518794194268,0.4678111587982833,0.526531389051651
0.319,0.5709281961471103,0.953975933507009,0.46771879483500717,0.5249041296541193
0.32,0.5709281961471103,0.95459620394492,0.47109826589595377,0.5255244000920303
0.321,0.5674255691768827,0.9547202580325022,0.4702467343976778,0.5221458272093848
0.322,0.5656742556917689,0.9548443121200844,0.47016011644832606,0.5205185678118531
0.323,0.563922942206655,0.9550924202952488,0.47076023391812866,0.5190153625019036
0.324,0.5604203152364273,0.9553405284704131,0.47058823529411764,0.5157608437068404
0.325,0.5604203152364273,0.9555886366455775,0.471976401179941,0.5160089518820048
0.326,0.5586690017513135,0.9557126907331597,0.4718934911242604,0.5143816924844731
0.327,0.5586690017513135,0.9559607989083241,0.4732937685459941,0.5146298006596375
0.328,0.5569176882661997,0.9563329611710706,0.4746268656716418,0.5132506494372704
0.329,0.5551663747810858,0.956581069346235,0.4752623688155922,0.5117474441273209
0.33,0.5551663747810858,0.9568291775213993,0.4766917293233083,0.5119955523024851
0.331,0.5516637478108581,0.9572013397841459,0.4772727272727273,0.508865087595004
0.332,0.5516637478108581,0.9574494479593103,0.4787234042553192,0.5091131957701684
0.333,0.5499124343257443,0.9576975561344746,0.47938931297709925,0.5076099904602189
0.334,0.5499124343257443,0.9578216102220568,0.4801223241590214,0.5077340445478011
0.335,0.5481611208406305,0.9578216102220568,0.4793261868300153,0.5059827310626872
0.336,0.5464098073555166,0.9580697183972212,0.48,0.5044795257527377
0.337,0.5464098073555166,0.9583178265723855,0.48148148148148145,0.5047276339279021
0.338,0.542907180385289,0.9584418806599677,0.4806201550387597,0.5013490610452567
0.339,0.542907180385289,0.9586899888351321,0.4821150855365474,0.5015971692204211
0.34,0.542907180385289,0.9589380970102965,0.4836193447737909,0.5018452773955855
0.341,0.542907180385289,0.9590621510978786,0.484375,0.5019693314831675
0.342,0.542907180385289,0.9590621510978786,0.484375,0.5019693314831675
0.343,0.542907180385289,0.9591862051854608,0.48513302034428796,0.5020933855707499
0.34400000000000003,0.542907180385289,0.9595583674482074,0.48742138364779874,0.5024655478334963
0.34500000000000003,0.5411558669001751,0.9595583674482074,0.48661417322834644,0.5007142343483826
0.34600000000000003,0.5411558669001751,0.9598064756233717,0.4881516587677725,0.5009623425235468
0.34700000000000003,0.5411558669001751,0.9600545837985361,0.4896988906497623,0.5012104506987112
0.34800000000000003,0.5394045534150613,0.9601786378861183,0.48966613672496023,0.4995831913011797
0.34900000000000003,0.5376532399299475,0.9604267460612828,0.4904153354632588,0.49807998599123016
0.35000000000000003,0.5376532399299475,0.960550800148865,0.4912,0.4982040400788126
0.35100000000000003,0.5341506129597198,0.960674854236447,0.4903536977491961,0.4948254671961667
0.352,0.5341506129597198,0.9607989083240293,0.49114331723027377,0.49494952128374914
0.353,0.532399299474606,0.9609229624116115,0.4911147011308562,0.4933222618862174
0.354,0.532399299474606,0.9610470164991937,0.4919093851132686,0.4934463159737996
0.355,0.532399299474606,0.9610470164991937,0.4919093851132686,0.4934463159737996
0.356,0.5306479859894921,0.9610470164991937,0.49108589951377635,0.4916950024886857
0.357,0.5306479859894921,0.9614191787619402,0.49348534201954397,0.4920671647514323
0.358,0.5288966725043783,0.9615432328495224,0.4934640522875817,0.4904399053539006
0.359,0.5253940455341506,0.9616672869371046,0.49261083743842365,0.48706133247125516
0.36,0.5253940455341506,0.9617913410246868,0.4934210526315789,0.48718538655883736
0.361,0.5201401050788091,0.961915395112269,0.4917218543046358,0.48205550019107823
0.362,0.5201401050788091,0.961915395112269,0.4917218543046358,0.48205550019107823
0.363,0.5183887915936952,0.9621635032874333,0.4925124792013311,0.4805522948811285
0.364,0.5183887915936952,0.9621635032874333,0.4925124792013311,0.4805522948811285
0.365,0.5183887915936952,0.9625356655501799,0.49498327759197325,0.4809244571438751
0.366,0.5166374781085814,0.9626597196377621,0.4949664429530201,0.4792971977463436
0.367,0.5166374781085814,0.9627837737253443,0.4957983193277311,0.4794212518339256
0.368,0.5166374781085814,0.9627837737253443,0.4957983193277311,0.4794212518339256
0.369,0.5148861646234676,0.9627837737253443,0.494949494949495,0.4776699383488119
0.37,0.5131348511383538,0.9631559359880908,0.4966101694915254,0.47629078712644457
0.371,0.5131348511383538,0.9631559359880908,0.4966101694915254,0.47629078712644457
0.372,0.51138353765324,0.9634040441632552,0.49744463373083475,0.47478758181649505
0.373,0.51138353765324,0.9635280982508374,0.49829351535836175,0.4749116359040775
0.374,0.51138353765324,0.9635280982508374,0.49829351535836175,0.4749116359040775
0.375,0.51138353765324,0.9635280982508374,0.49829351535836175,0.4749116359040775
0.376,0.51138353765324,0.9636521523384195,0.49914529914529915,0.47503568999165946
0.377,0.51138353765324,0.9636521523384195,0.49914529914529915,0.47503568999165946
0.378,0.5096322241681261,0.9639002605135839,0.5,0.47353248468170994
0.379,0.5043782837127846,0.9641483686887483,0.49913344887348354,0.468526652401533
0.38,0.5043782837127846,0.9643964768639126,0.5008695652173913,0.4687747605766972
0.381,0.5026269702276708,0.964644585039077,0.5017482517482518,0.4672715552667479
0.382,0.5026269702276708,0.9647686391266592,0.5026269702276708,0.4673956093543299
0.383,0.5026269702276708,0.9650167473018236,0.5043936731107206,0.4676437175294943
0.384,0.500875656742557,0.9651408013894058,0.5044091710758377,0.4660164581319628
0.385,0.500875656742557,0.9651408013894058,0.5044091710758377,0.4660164581319628
0.386,0.500875656742557,0.9652648554769879,0.5053003533568905,0.4661405122195448
0.387,0.4991243432574431,0.9652648554769879,0.504424778761062,0.4643891987344311
0.388,0.4991243432574431,0.9653889095645701,0.5053191489361702,0.4645132528220133
0.389,0.4991243432574431,0.9655129636521523,0.5062166962699822,0.4646373069095955
0.39,0.4991243432574431,0.9656370177397345,0.5071174377224199,0.4647613609971777
0.391,0.4956217162872154,0.9657610718273167,0.5062611806797853,0.46138278811453226
0.392,0.4938704028021016,0.966009180002481,0.5071942446043165,0.45987958280458274
0.393,0.4938704028021016,0.9662572881776454,0.5090252707581228,0.46012769097974715
0.394,0.4921190893169877,0.9663813422652276,0.5090579710144928,0.45850043158221543
0.395,0.4903677758318739,0.9663813422652276,0.5081669691470054,0.4567491180971015
0.396,0.4886164623467601,0.9667535045279742,0.5100548446069469,0.4553699668747342
0.397,0.4851138353765324,0.9667535045279742,0.5082568807339449,0.45186733990450656
0.398,0.4851138353765324,0.9667535045279742,0.5082568807339449,0.45186733990450656
0.399,0.48336252189141854,0.9670016127031386,0.5092250922509225,0.45036413459455704
0.4,0.48336252189141854,0.9670016127031386,0.5092250922509225,0.45036413459455704
0.401,0.48336252189141854,0.967249720878303,0.5111111111111111,0.45061224276972145
0.402,0.48336252189141854,0.967249720878303,0.5111111111111111,0.45061224276972145
0.403,0.4816112084063047,0.9673737749658852,0.5111524163568774,0.44898498337218995
0.404,0.4816112084063047,0.9678699913162139,0.5149812734082397,0.44948119972251854
0.405,0.4798598949211909,0.9678699913162139,0.5140712945590994,0.44772988623740484
0.406,0.4763572679509632,0.9678699913162139,0.512241054613936,0.4442272592671772
0.40700000000000003,0.4763572679509632,0.9684902617541248,0.5171102661596958,0.444847529705088
0.40800000000000003,0.4746059544658494,0.9684902617541248,0.5161904761904762,0.4430962162199741
0.40900000000000003,0.47285464098073554,0.9687383699292892,0.5172413793103449,0.4415930109100248
0.41000000000000003,0.47285464098073554,0.9689864781044536,0.5192307692307693,0.4418411190851892
0.41100000000000003,0.46935201401050786,0.9689864781044536,0.5173745173745173,0.43833849211496156
0.41200000000000003,0.46935201401050786,0.9692345862796179,0.5193798449612403,0.43858660029012575
0.41300000000000003,0.46760070052539404,0.9694826944547823,0.52046783625731,0.43708339498017645
0.41400000000000003,0.46760070052539404,0.9696067485423645,0.521484375,0.43720744906775844
0.41500000000000004,0.4658493870402802,0.9698548567175288,0.5225933202357563,0.4357042437578089
0.41600000000000004,0.4658493870402802,0.9698548567175288,0.5225933202357563,0.4357042437578089
0.417,0.4658493870402802,0.9701029648926932,0.52465483234714,0.4359523519329733
0.418,0.46234676007005254,0.9702270189802754,0.5238095238095238,0.4325737790503279
0.419,0.46059544658493873,0.9703510730678576,0.5239043824701195,0.4309465196527964
0.42,0.45884413309982486,0.9705991812430219,0.5250501002004008,0.4294433143428469
0.421,0.45884413309982486,0.9708472894181863,0.5271629778672032,0.4296914225180113
0.422,0.4553415061295972,0.9709713435057685,0.5263157894736842,0.42631284963536564
0.423,0.45359019264448336,0.9709713435057685,0.5253549695740365,0.42456153615025194
0.424,0.45359019264448336,0.9709713435057685,0.5253549695740365,0.42456153615025194
0.425,0.45183887915936954,0.9712194516809329,0.5265306122448979,0.4230583308403024
0.426,0.45183887915936954,0.9712194516809329,0.5265306122448979,0.4230583308403024
0.427,0.44833625218914186,0.9712194516809329,0.5245901639344263,0.4195557038700748
0.428,0.44308231173380036,0.9712194516809329,0.5216494845360825,0.41430176341473324
0.429,0.4413309982486865,0.971343505768515,0.5217391304347826,0.4126745040172015
0.43,0.4395796847635727,0.9714675598560972,0.5218295218295218,0.4110472446196698
0.431,0.43782837127845886,0.9715916139436794,0.5219206680584552,0.4094199852221383
0.432,0.43782837127845886,0.971963776206426,0.5252100840336135,0.4097921474848849
0.433,0.43782837127845886,0.9722118843815903,0.5274261603375527,0.4100402556600491
0.434,0.436077057793345,0.9722118843815903,0.5264270613107822,0.4082889421749354
0.435,0.4343257443082312,0.9723359384691725,0.5265392781316348,0.40666168277740367
0.436,0.43257443082311736,0.972584046644337,0.5277777777777778,0.40515847746745437
0.437,0.43257443082311736,0.972584046644337,0.5277777777777778,0.40515847746745437
0.438,0.43257443082311736,0.9727081007319192,0.5289079229122056,0.4052825315550366
0.439,0.4308231173380035,0.9727081007319192,0.5278969957081545,0.40353121806992265
0.44,0.4290718038528897,0.9728321548195012,0.5280172413793104,0.4019039586723909
0.441,0.4273204903677758,0.9729562089070835,0.5281385281385281,0.4002766992748592
0.442,0.4273204903677758,0.9730802629946657,0.5292841648590022,0.4004007533624414
0.443,0.4273204903677758,0.9730802629946657,0.5292841648590022,0.4004007533624414
0.444,0.4273204903677758,0.9730802629946657,0.5292841648590022,0.4004007533624414
0.445,0.425569176882662,0.9730802629946657,0.5282608695652173,0.3986494398773277
0.446,0.425569176882662,0.9730802629946657,0.5282608695652173,0.3986494398773277
0.447,0.4238178633975482,0.9732043170822479,0.5283842794759825,0.397022180479796
0.448,0.4220665499124343,0.9732043170822479,0.5273522975929978,0.3952708669946823
0.449,0.4220665499124343,0.9733283711698301,0.5285087719298246,0.39539492108226426
0.45,0.4203152364273205,0.9733283711698301,0.5274725274725275,0.39364360759715056
0.451,0.4168126094570928,0.9734524252574123,0.5265486725663717,0.39026503471450513
0.452,0.4168126094570928,0.9737005334325766,0.5288888888888889,0.3905131428896693
0.453,0.4168126094570928,0.9738245875201588,0.5300668151447662,0.3906371969772515
0.454,0.4133099824868651,0.9738245875201588,0.5279642058165548,0.3871345700070239
0.455,0.4115586690017513,0.9738245875201588,0.5269058295964125,0.38538325652190997
0.456,0.4115586690017513,0.9738245875201588,0.5269058295964125,0.38538325652190997
0.457,0.4098073555166375,0.9741967497829054,0.5294117647058824,0.3840041052995429
0.458,0.4098073555166375,0.9744448579580697,0.5318181818181819,0.3842522134747073
0.459,0.4098073555166375,0.9744448579580697,0.5318181818181819,0.3842522134747073
0.46,0.4098073555166375,0.9744448579580697,0.5318181818181819,0.3842522134747073
0.461,0.4080560420315236,0.9745689120456519,0.5319634703196348,0.38262495407717556
0.462,0.404553415061296,0.9746929661332341,0.5310344827586206,0.37924638119453014
0.463,0.404553415061296,0.9748170202208163,0.532258064516129,0.37937043528211234
0.464,0.404553415061296,0.9750651283959807,0.5347222222222222,0.37961854345727675
0.465,0.404553415061296,0.9750651283959807,0.5347222222222222,0.37961854345727675
0.466,0.4028021015761821,0.975313236571145,0.5361305361305362,0.37811533814732723
0.467,0.4028021015761821,0.9754372906587272,0.5373831775700935,0.3782393922349092
0.468,0.4010507880910683,0.9755613447463094,0.5375586854460094,0.3766121328373777
0.46900000000000003,0.4010507880910683,0.9755613447463094,0.5375586854460094,0.3766121328373777
0.47000000000000003,0.3975481611208406,0.9755613447463094,0.535377358490566,0.3731095058671501
0.47100000000000003,0.3957968476357268,0.9755613447463094,0.5342789598108747,0.37135819238203616
0.47200000000000003,0.3957968476357268,0.9755613447463094,0.5342789598108747,0.37135819238203616
0.47300000000000003,0.3957968476357268,0.9756853988338916,0.5355450236966824,0.37148224646961836
0.47400000000000003,0.3957968476357268,0.9756853988338916,0.5355450236966824,0.37148224646961836
0.47500000000000003,0.39404553415061294,0.9758094529214738,0.5357142857142857,0.36985498707208686
0.47600000000000003,0.3922942206654991,0.9760575610966381,0.5371702637889688,0.36835178176213734
0.47700000000000004,0.3905429071803853,0.9761816151842203,0.5373493975903615,0.3667245223646056
0.47800000000000004,0.38879159369527144,0.9764297233593847,0.5388349514563107,0.3652213170546561
0.47900000000000004,0.38353765323992994,0.9764297233593847,0.5354523227383863,0.35996737659931455
0.48,0.38353765323992994,0.9768018856221312,0.5394088669950738,0.36033953886206116
0.481,0.38353765323992994,0.9770499937972956,0.5420792079207921,0.36058764703722557
0.482,0.38353765323992994,0.97729810197246,0.5447761194029851,0.36083575521239
0.483,0.38353765323992994,0.9774221560600421,0.5461346633416458,0.3609598092999722
0.484,0.38178633975481613,0.9775462101476243,0.5463659147869674,0.35933254990244046
0.485,0.38178633975481613,0.9779183724103709,0.5505050505050505,0.35970471216518707
0.486,0.38178633975481613,0.9779183724103709,0.5505050505050505,0.35970471216518707
0.487,0.38003502626970226,0.9780424264979531,0.550761421319797,0.35807745276765535
0.488,0.38003502626970226,0.9781664805855353,0.5521628498727735,0.35820150685523755
0.489,0.37828371278458844,0.9782905346731174,0.5524296675191815,0.35657424745770583
0.49,0.37828371278458844,0.9782905346731174,0.5524296675191815,0.35657424745770583
0.491,0.37478108581436076,0.9782905346731174,0.5501285347043702,0.3530716204874782
0.492,0.3712784588441331,0.9782905346731174,0.5478036175710594,0.34956899351725057
0.493,0.36952714535901926,0.9782905346731174,0.5466321243523317,0.34781768003213664
0.494,0.36952714535901926,0.9785386428482818,0.5494791666666666,0.34806578820730105
0.495,0.36952714535901926,0.9785386428482818,0.5494791666666666,0.34806578820730105
0.496,0.36952714535901926,0.9785386428482818,0.5494791666666666,0.34806578820730105
0.497,0.36777583187390545,0.9785386428482818,0.5483028720626631,0.34631447472218735
0.498,0.36777583187390545,0.9785386428482818,0.5483028720626631,0.34631447472218735
0.499,0.3660245183887916,0.9787867510234463,0.55,0.34481126941223783
0.5,0.3660245183887916,0.9789108051110285,0.5514511873350924,0.34493532349982003
0.501,0.3660245183887916,0.9790348591986106,0.5529100529100529,0.34505937758740224
0.502,0.3660245183887916,0.9791589132861928,0.5543766578249337,0.3451834316749842
0.503,0.3660245183887916,0.9795310755489394,0.5588235294117647,0.34555559393773105
0.504,0.3660245183887916,0.9796551296365216,0.5603217158176944,0.34567964802531304
0.505,0.3660245183887916,0.9797791837241037,0.5618279569892473,0.34580370211289524
0.506,0.3660245183887916,0.9799032378116859,0.5633423180592992,0.34592775620047744
0.507,0.3660245183887916,0.9801513459868503,0.5663956639566395,0.34617586437564185
0.508,0.36427320490367776,0.9802754000744325,0.5667574931880109,0.34454860497811035
0.509,0.36427320490367776,0.9803994541620147,0.5683060109289617,0.34467265906569233
0.51,0.36427320490367776,0.9803994541620147,0.5683060109289617,0.34467265906569233
0.511,0.36427320490367776,0.9803994541620147,0.5683060109289617,0.34467265906569233
0.512,0.36427320490367776,0.9803994541620147,0.5683060109289617,0.34467265906569233
0.513,0.36252189141856395,0.980647562337179,0.5702479338842975,0.3431694537557428
0.514,0.3607705779334501,0.9807716164247612,0.5706371191135734,0.3415421943582113
0.515,0.35901926444833626,0.9808956705123434,0.5710306406685237,0.3399149349606796
0.516,0.35901926444833626,0.9811437786875078,0.5742296918767507,0.340163043135844
0.517,0.35901926444833626,0.9811437786875078,0.5742296918767507,0.340163043135844
0.518,0.35901926444833626,0.9811437786875078,0.5742296918767507,0.340163043135844
0.519,0.3555166374781086,0.9811437786875078,0.571830985915493,0.33666041616561637
0.52,0.3555166374781086,0.9811437786875078,0.571830985915493,0.33666041616561637
0.521,0.3555166374781086,0.9813918868626721,0.5750708215297451,0.3369085243407808
0.522,0.3555166374781086,0.9815159409502543,0.5767045454545454,0.33703257842836276
0.523,0.3555166374781086,0.9816399950378365,0.5783475783475783,0.3371566325159452
0.524,0.3555166374781086,0.9816399950378365,0.5783475783475783,0.3371566325159452
0.525,0.35376532399299476,0.9818881032130009,0.5804597701149425,0.33565342720599567
0.526,0.35376532399299476,0.982012157300583,0.5821325648414986,0.33577748129357765
0.527,0.3520140105078809,0.9821362113881652,0.5826086956521739,0.33415022189604615
0.528,0.3520140105078809,0.9822602654757474,0.5843023255813954,0.33427427598362836
0.529,0.3520140105078809,0.9825083736509118,0.5877192982456141,0.33452238415879276
0.53,0.3520140105078809,0.9825083736509118,0.5877192982456141,0.33452238415879276
0.531,0.3520140105078809,0.982632427738494,0.5894428152492669,0.33464643824637497
0.532,0.3520140105078809,0.9827564818260762,0.5911764705882353,0.33477049233395717
0.533,0.3520140105078809,0.9827564818260762,0.5911764705882353,0.33477049233395717
0.534,0.3520140105078809,0.9828805359136583,0.5929203539823009,0.33489454642153915
0.535,0.3520140105078809,0.9828805359136583,0.5929203539823009,0.33489454642153915
0.536,0.3520140105078809,0.9831286440888227,0.5964391691394659,0.33514265459670356
0.537,0.3502626970227671,0.9831286440888227,0.5952380952380952,0.33339134111158986
0.538,0.3502626970227671,0.9831286440888227,0.5952380952380952,0.33339134111158986
0.539,0.34851138353765326,0.9832526981764049,0.5958083832335329,0.33176408171405813
0.54,0.34851138353765326,0.9833767522639871,0.5975975975975976,0.33188813580164034
0.541,0.34851138353765326,0.9835008063515693,0.5993975903614458,0.33201218988922254
0.542,0.3467600700525394,0.9837489145267336,0.601823708206687,0.330508984579273
0.543,0.3467600700525394,0.9837489145267336,0.601823708206687,0.330508984579273
0.544,0.3450087565674256,0.9838729686143158,0.6024464831804281,0.3288817251817413
0.545,0.3432574430823117,0.9838729686143158,0.6012269938650306,0.3271304116966276
0.546,0.3432574430823117,0.9842451308770624,0.6068111455108359,0.3275025739593742
0.547,0.3432574430823117,0.9843691849646445,0.6086956521739131,0.3276266280469562
0.548,0.3415061295971979,0.9843691849646445,0.6074766355140186,0.3258753145618425
0.549,0.3415061295971979,0.9844932390522267,0.609375,0.3259993686494247
0.55,0.3380035026269702,0.9844932390522267,0.6069182389937107,0.32249674167919684
0.551,0.3362521891418564,0.9844932390522267,0.6056782334384858,0.32074542819408314
0.552,0.3345008756567426,0.9844932390522267,0.6044303797468354,0.31899411470896943
0.553,0.3345008756567426,0.984617293139809,0.6063492063492063,0.3191181687965514
0.554,0.3345008756567426,0.984617293139809,0.6063492063492063,0.3191181687965514
0.555,0.3309982486865149,0.9847413472273912,0.6057692307692307,0.315739595913906
0.556,0.3309982486865149,0.9848654013149734,0.6077170418006431,0.3158636500014882
0.557,0.3309982486865149,0.9849894554025556,0.6096774193548387,0.3159877040890704
0.558,0.3309982486865149,0.9849894554025556,0.6096774193548387,0.3159877040890704
0.559,0.3309982486865149,0.9851135094901377,0.6116504854368932,0.3161117581766526
0.56,0.3309982486865149,0.9851135094901377,0.6116504854368932,0.3161117581766526
0.561,0.329246935201401,0.9851135094901377,0.6103896103896104,0.3143604446915387
0.562,0.3274956217162872,0.9851135094901377,0.6091205211726385,0.312609131206425
0.5630000000000001,0.3257443082311734,0.9851135094901377,0.6078431372549019,0.31085781772131105
0.5640000000000001,0.3257443082311734,0.9851135094901377,0.6078431372549019,0.31085781772131105
0.5650000000000001,0.3239929947460595,0.9851135094901377,0.6065573770491803,0.3091065042361971
0.5660000000000001,0.3239929947460595,0.9851135094901377,0.6065573770491803,0.3091065042361971
0.5670000000000001,0.3239929947460595,0.9851135094901377,0.6065573770491803,0.3091065042361971
0.5680000000000001,0.3239929947460595,0.9852375635777199,0.6085526315789473,0.3092305583237793
0.5690000000000001,0.3239929947460595,0.9852375635777199,0.6085526315789473,0.3092305583237793
0.5700000000000001,0.3239929947460595,0.9852375635777199,0.6085526315789473,0.3092305583237793
0.5710000000000001,0.3239929947460595,0.9852375635777199,0.6085526315789473,0.3092305583237793
0.5720000000000001,0.3239929947460595,0.9853616176653021,0.6105610561056105,0.30935461241136153
0.5730000000000001,0.3239929947460595,0.9856097258404665,0.6146179401993356,0.30960272058652594
0.5740000000000001,0.3222416812609457,0.9857337799280487,0.6153846153846154,0.30797546118899444
0.5750000000000001,0.318739054290718,0.9857337799280487,0.6127946127946128,0.3044728342187666
0.5760000000000001,0.318739054290718,0.9858578340156308,0.6148648648648649,0.3045968883063488
0.577,0.3169877408056042,0.985981888103213,0.6156462585034014,0.30296962890881707
0.578,0.3169877408056042,0.9862299962783774,0.6198630136986302,0.3032177370839815
0.579,0.3169877408056042,0.9864781044535418,0.6241379310344828,0.3034658452591459
0.58,0.3134851138353765,0.9864781044535418,0.6215277777777778,0.29996321828891825
0.581,0.3134851138353765,0.9866021585411239,0.6236933797909407,0.30008727237650046
0.582,0.3117338003502627,0.9868502667162883,0.6267605633802817,0.29858406706655094
0.583,0.30998248686514884,0.9868502667162883,0.6254416961130742,0.296832753581437
0.584,0.30998248686514884,0.9868502667162883,0.6254416961130742,0.296832753581437
0.585,0.30998248686514884,0.9868502667162883,0.6254416961130742,0.296832753581437
0.586,0.30998248686514884,0.9868502667162883,0.6254416961130742,0.296832753581437
0.587,0.30998248686514884,0.9868502667162883,0.6254416961130742,0.296832753581437
0.588,0.30998248686514884,0.9872224289790349,0.6321428571428571,0.29720491584418385
0.589,0.3064798598949212,0.9874705371541992,0.6340579710144928,0.2939503970491204
0.59,0.3064798598949212,0.9874705371541992,0.6340579710144928,0.2939503970491204
0.591,0.3064798598949212,0.9874705371541992,0.6340579710144928,0.2939503970491204
0.592,0.30472854640980734,0.9874705371541992,0.6327272727272727,0.2921990835640065
0.593,0.30472854640980734,0.9877186453293636,0.6373626373626373,0.2924471917391709
0.594,0.30472854640980734,0.9878426994169458,0.6397058823529411,0.2925712458267531
0.595,0.30472854640980734,0.9878426994169458,0.6397058823529411,0.2925712458267531
0.596,0.30472854640980734,0.9878426994169458,0.6397058823529411,0.2925712458267531
0.597,0.30297723292469353,0.987966753504528,0.6407407407407407,0.2909439864292216
0.598,0.30122591943957966,0.9880908075921102,0.6417910447761194,0.28931672703168987
0.599,0.29947460595446584,0.9880908075921102,0.6404494382022472,0.28756541354657594
0.6,0.29947460595446584,0.9880908075921102,0.6404494382022472,0.28756541354657594
0.601,0.29772329246935203,0.9880908075921102,0.6390977443609023,0.28581410006146224
0.602,0.29772329246935203,0.9880908075921102,0.6390977443609023,0.28581410006146224
0.603,0.29772329246935203,0.9880908075921102,0.6390977443609023,0.28581410006146224
0.604,0.29772329246935203,0.9880908075921102,0.6390977443609023,0.28581410006146224
0.605,0.29597197898423816,0.9880908075921102,0.6377358490566037,0.2840627865763483
0.606,0.29597197898423816,0.9880908075921102,0.6377358490566037,0.2840627865763483
0.607,0.29597197898423816,0.9880908075921102,0.6377358490566037,0.2840627865763483
0.608,0.29422066549912435,0.9880908075921102,0.6363636363636364,0.2823114730912346
0.609,0.29071803852889666,0.9882148616796923,0.6360153256704981,0.27893290020858896
0.61,0.29071803852889666,0.9882148616796923,0.6360153256704981,0.27893290020858896
0.611,0.28896672504378285,0.9882148616796923,0.6346153846153846,0.27718158672347526
0.612,0.287215411558669,0.9882148616796923,0.6332046332046332,0.27543027323836133
0.613,0.287215411558669,0.9882148616796923,0.6332046332046332,0.27543027323836133
0.614,0.28371278458844135,0.9882148616796923,0.6303501945525292,0.2719276462681337
0.615,0.28371278458844135,0.9882148616796923,0.6303501945525292,0.2719276462681337
0.616,0.2819614711033275,0.9883389157672745,0.6313725490196078,0.270300386870602
0.617,0.2819614711033275,0.9883389157672745,0.6313725490196078,0.270300386870602
0.618,0.27845884413309985,0.9883389157672745,0.6284584980237155,0.26679775990037435
0.619,0.27845884413309985,0.9884629698548567,0.6309523809523809,0.26692181398795656
0.62,0.276707530647986,0.9885870239424389,0.632,0.26529455459042484
0.621,0.276707530647986,0.9885870239424389,0.632,0.26529455459042484
0.622,0.27495621716287216,0.9887110780300211,0.6330645161290323,0.26366729519289334
0.623,0.2732049036777583,0.9889591862051854,0.636734693877551,0.2621640898829436
0.624,0.26970227670753066,0.9892072943803498,0.6390041493775933,0.2589095710878806
0.625,0.26970227670753066,0.9892072943803498,0.6390041493775933,0.2589095710878806
0.626,0.26970227670753066,0.9892072943803498,0.6390041493775933,0.2589095710878806
0.627,0.26970227670753066,0.9892072943803498,0.6390041493775933,0.2589095710878806
0.628,0.2679509632224168,0.9892072943803498,0.6375,0.25715825760276667
0.629,0.2679509632224168,0.9892072943803498,0.6375,0.25715825760276667
0.63,0.266199649737303,0.989331348467932,0.6386554621848739,0.25553099820523495
0.631,0.266199649737303,0.9897035107306785,0.6468085106382979,0.25590316046798156
0.632,0.266199649737303,0.9897035107306785,0.6468085106382979,0.25590316046798156
0.633,0.26444833625218916,0.9897035107306785,0.6452991452991453,0.25415184698286764
0.634,0.26444833625218916,0.9898275648182607,0.648068669527897,0.25427590107044984
0.635,0.26444833625218916,0.9898275648182607,0.648068669527897,0.25427590107044984
0.636,0.26444833625218916,0.9899516189058429,0.6508620689655172,0.25439995515803204
0.637,0.2626970227670753,0.9899516189058429,0.6493506493506493,0.2526486416729181
0.638,0.2626970227670753,0.9899516189058429,0.6493506493506493,0.2526486416729181
0.639,0.2626970227670753,0.9900756729934251,0.6521739130434783,0.25277269576050054
0.64,0.2609457092819615,0.9900756729934251,0.6506550218340611,0.2510213822753866
0.641,0.2591943957968476,0.9900756729934251,0.6491228070175439,0.2492700687902727
0.642,0.2591943957968476,0.9900756729934251,0.6491228070175439,0.2492700687902727
0.643,0.2591943957968476,0.9900756729934251,0.6491228070175439,0.2492700687902727
0.644,0.2591943957968476,0.9900756729934251,0.6491228070175439,0.2492700687902727
0.645,0.2574430823117338,0.9901997270810073,0.6504424778761062,0.2476428093927412
0.646,0.2574430823117338,0.9901997270810073,0.6504424778761062,0.2476428093927412
0.647,0.2574430823117338,0.9901997270810073,0.6504424778761062,0.2476428093927412
0.648,0.2574430823117338,0.9901997270810073,0.6504424778761062,0.2476428093927412
0.649,0.25569176882662,0.9901997270810073,0.6488888888888888,0.24589149590762727
0.65,0.2539404553415061,0.9901997270810073,0.6473214285714286,0.24414018242251334
0.651,0.2521891418563923,0.9901997270810073,0.6457399103139013,0.24238886893739964
0.652,0.2521891418563923,0.9901997270810073,0.6457399103139013,0.24238886893739964
0.653,0.2521891418563923,0.9903237811685895,0.6486486486486487,0.24251292302498184
0.654,0.2521891418563923,0.9904478352561716,0.6515837104072398,0.24263697711256382
0.655,0.2504378283712785,0.990695943431336,0.6559633027522935,0.24113377180261453
0.656,0.24518388791593695,0.990695943431336,0.6511627906976745,0.23587983134727297
0.657,0.24518388791593695,0.9909440516065005,0.6572769953051644,0.23612793952243738
0.658,0.23992994746059546,0.9909440516065005,0.6523809523809524,0.23087399906709583
0.659,0.23992994746059546,0.9911921597816649,0.6586538461538461,0.23112210724226023
0.66,0.23992994746059546,0.9911921597816649,0.6586538461538461,0.23112210724226023
0.661,0.23992994746059546,0.991316213869247,0.6618357487922706,0.23124616132984244
0.662,0.23992994746059546,0.991316213869247,0.6618357487922706,0.23124616132984244
0.663,0.23992994746059546,0.991316213869247,0.6618357487922706,0.23124616132984244
0.664,0.23992994746059546,0.991316213869247,0.6618357487922706,0.23124616132984244
0.665,0.23642732049036777,0.991316213869247,0.6585365853658537,0.2277435343596148
0.666,0.23467600700525393,0.9915643220444114,0.6633663366336634,0.2262403290496653
0.667,0.2329246935201401,0.9915643220444114,0.6616915422885572,0.2244890155645516
0.668,0.2329246935201401,0.9915643220444114,0.6616915422885572,0.2244890155645516
0.669,0.2329246935201401,0.9915643220444114,0.6616915422885572,0.2244890155645516
0.67,0.2329246935201401,0.9916883761319936,0.665,0.22461306965213357
0.671,0.23117338003502627,0.9916883761319936,0.6633165829145728,0.22286175616701986
0.672,0.22942206654991243,0.9918124302195758,0.6649746192893401,0.22123449676948814
0.673,0.22942206654991243,0.9918124302195758,0.6649746192893401,0.22123449676948814
0.674,0.22942206654991243,0.9920605383947401,0.6717948717948717,0.22148260494465255
0.675,0.22942206654991243,0.9921845924823223,0.6752577319587629,0.22160665903223475
0.676,0.22942206654991243,0.9924327006574867,0.6822916666666666,0.22185476720739916
0.677,0.22942206654991243,0.9924327006574867,0.6822916666666666,0.22185476720739916
0.678,0.22942206654991243,0.9924327006574867,0.6822916666666666,0.22185476720739916
0.679,0.22942206654991243,0.9925567547450689,0.6858638743455497,0.22197882129498137
0.68,0.22942206654991243,0.9926808088326511,0.6894736842105263,0.22210287538256357
0.681,0.22942206654991243,0.9926808088326511,0.6894736842105263,0.22210287538256357
0.682,0.2276707530647986,0.9929289170078154,0.6951871657754011,0.22059967007261405
0.683,0.2276707530647986,0.9929289170078154,0.6951871657754011,0.22059967007261405
0.684,0.2224168126094571,0.9929289170078154,0.6902173913043478,0.2153457296172725
0.685,0.22066549912434325,0.9929289170078154,0.6885245901639344,0.21359441613215857
0.686,0.21891418563922943,0.9930529710953976,0.6906077348066298,0.21196715673462707
0.687,0.21891418563922943,0.9930529710953976,0.6906077348066298,0.21196715673462707
0.6880000000000001,0.21541155866900175,0.9931770251829798,0.6910112359550562,0.20858858385198165
0.6890000000000001,0.2119089316987741,0.9931770251829798,0.6875,0.2050859568817538
0.6900000000000001,0.2119089316987741,0.993301079270562,0.6914285714285714,0.205210010969336
0.6910000000000001,0.21015761821366025,0.993301079270562,0.6896551724137931,0.2034586974842223
0.6920000000000001,0.21015761821366025,0.993301079270562,0.6896551724137931,0.2034586974842223
0.6930000000000001,0.21015761821366025,0.993301079270562,0.6896551724137931,0.2034586974842223
0.6940000000000001,0.21015761821366025,0.993301079270562,0.6896551724137931,0.2034586974842223
0.6950000000000001,0.21015761821366025,0.9934251333581442,0.6936416184971098,0.2035827515718045
0.6960000000000001,0.2084063047285464,0.9934251333581442,0.6918604651162791,0.20183143808669057
0.6970000000000001,0.2084063047285464,0.9934251333581442,0.6918604651162791,0.20183143808669057
0.6980000000000001,0.2084063047285464,0.9934251333581442,0.6918604651162791,0.20183143808669057
0.6990000000000001,0.2084063047285464,0.9934251333581442,0.6918604651162791,0.20183143808669057
0.7000000000000001,0.2084063047285464,0.9934251333581442,0.6918604651162791,0.20183143808669057
0.7010000000000001,0.20665499124343256,0.9935491874457263,0.6941176470588235,0.20020417868915885
0.7020000000000001,0.20665499124343256,0.9935491874457263,0.6941176470588235,0.20020417868915885
0.7030000000000001,0.20665499124343256,0.9936732415333085,0.6982248520710059,0.20032823277674106
0.704,0.20490367775831875,0.9936732415333085,0.6964285714285714,0.19857691929162735
0.705,0.20490367775831875,0.9936732415333085,0.6964285714285714,0.19857691929162735
0.706,0.20490367775831875,0.9937972956208907,0.7005988023952096,0.19870097337920933
0.707,0.20490367775831875,0.9939213497084729,0.7048192771084337,0.19882502746679176
0.708,0.2031523642732049,0.9939213497084729,0.703030303030303,0.19707371398167783
0.709,0.2031523642732049,0.9939213497084729,0.703030303030303,0.19707371398167783
0.71,0.20140105078809106,0.9939213497084729,0.7012195121951219,0.1953224004965639
0.711,0.20140105078809106,0.9939213497084729,0.7012195121951219,0.1953224004965639
0.712,0.20140105078809106,0.9940454037960551,0.7055214723926381,0.1954464545841461
0.713,0.19964973730297722,0.9940454037960551,0.7037037037037037,0.1936951410990324
0.714,0.19964973730297722,0.9940454037960551,0.7037037037037037,0.1936951410990324
0.715,0.19964973730297722,0.9941694578836373,0.7080745341614907,0.1938191951866146
0.716,0.19964973730297722,0.9942935119712194,0.7125,0.1939432492741966
0.717,0.19964973730297722,0.9942935119712194,0.7125,0.1939432492741966
0.718,0.19964973730297722,0.9942935119712194,0.7125,0.1939432492741966
0.719,0.1978984238178634,0.9942935119712194,0.710691823899371,0.1921919357890829
0.72,0.1978984238178634,0.9944175660588016,0.7151898734177216,0.1923159898766651
0.721,0.1978984238178634,0.9944175660588016,0.7151898734177216,0.1923159898766651
0.722,0.1978984238178634,0.9944175660588016,0.7151898734177216,0.1923159898766651
0.723,0.19614711033274956,0.9944175660588016,0.7133757961783439,0.19056467639155117
0.724,0.19614711033274956,0.9944175660588016,0.7133757961783439,0.19056467639155117
0.725,0.19439579684763572,0.9944175660588016,0.7115384615384616,0.18881336290643724
0.726,0.19264448336252188,0.9944175660588016,0.7096774193548387,0.18706204942132354
0.727,0.19089316987740806,0.9944175660588016,0.7077922077922078,0.18531073593620961
0.728,0.19089316987740806,0.9944175660588016,0.7077922077922078,0.18531073593620961
0.729,0.18914185639229422,0.9944175660588016,0.7058823529411765,0.1835594224510959
0.73,0.18914185639229422,0.9944175660588016,0.7058823529411765,0.1835594224510959
0.731,0.18739054290718038,0.9945416201463838,0.7086092715231788,0.1819321630535642
0.732,0.18388791593695272,0.9945416201463838,0.7046979865771812,0.17842953608333656
0.733,0.18213660245183888,0.9945416201463838,0.7027027027027027,0.17667822259822263
0.734,0.18038528896672504,0.9945416201463838,0.7006802721088435,0.17492690911310893
0.735,0.18038528896672504,0.9945416201463838,0.7006802721088435,0.17492690911310893
0.736,0.18038528896672504,0.9945416201463838,0.7006802721088435,0.17492690911310893
0.737,0.18038528896672504,0.9945416201463838,0.7006802721088435,0.17492690911310893
0.738,0.18038528896672504,0.9945416201463838,0.7006802721088435,0.17492690911310893
0.739,0.1786339754816112,0.9945416201463838,0.6986301369863014,0.173175595627995
0.74,0.1786339754816112,0.9945416201463838,0.6986301369863014,0.173175595627995
0.741,0.17688266199649738,0.9947897283215482,0.7062937062937062,0.1716723903180455
0.742,0.17688266199649738,0.9947897283215482,0.7062937062937062,0.1716723903180455
0.743,0.17513134851138354,0.9949137824091304,0.7092198581560284,0.170045130920514
0.744,0.17513134851138354,0.9950378364967125,0.7142857142857143,0.17016918500809597
0.745,0.17513134851138354,0.9951618905842947,0.7194244604316546,0.17029323909567817
0.746,0.17513134851138354,0.9952859446718769,0.7246376811594203,0.17041729318326038
0.747,0.1733800350262697,0.9954099987594591,0.7279411764705882,0.16879003378572888
0.748,0.1733800350262697,0.9954099987594591,0.7279411764705882,0.16879003378572888
0.749,0.1733800350262697,0.9954099987594591,0.7279411764705882,0.16879003378572888
0.75,0.1733800350262697,0.9954099987594591,0.7279411764705882,0.16879003378572888
0.751,0.1733800350262697,0.9954099987594591,0.7279411764705882,0.16879003378572888
0.752,0.1733800350262697,0.9955340528470413,0.7333333333333333,0.16891408787331108
0.753,0.1733800350262697,0.9956581069346235,0.7388059701492538,0.16903814196089328
0.754,0.1733800350262697,0.9956581069346235,0.7388059701492538,0.16903814196089328
0.755,0.1733800350262697,0.9956581069346235,0.7388059701492538,0.16903814196089328
0.756,0.17162872154115585,0.9956581069346235,0.7368421052631579,0.16728682847577936
0.757,0.16987740805604204,0.9957821610222057,0.7404580152671756,0.16565956907824786
0.758,0.16637478108581435,0.9957821610222057,0.7364341085271318,0.16215694210802
0.759,0.1646234676007005,0.9957821610222057,0.734375,0.1604056286229063
0.76,0.1646234676007005,0.9959062151097878,0.7401574803149606,0.1605296827104883
0.761,0.1628721541155867,0.9959062151097878,0.7380952380952381,0.15877836922537458
0.762,0.16112084063047286,0.9959062151097878,0.736,0.15702705574026066
0.763,0.16112084063047286,0.99603026919737,0.7419354838709677,0.15715110982784286
0.764,0.159369527145359,0.99603026919737,0.7398373983739838,0.15539979634272916
0.765,0.159369527145359,0.9961543232849522,0.7459016393442623,0.15552385043031114
0.766,0.159369527145359,0.9961543232849522,0.7459016393442623,0.15552385043031114
0.767,0.159369527145359,0.9961543232849522,0.7459016393442623,0.15552385043031114
0.768,0.15761821366024517,0.9961543232849522,0.743801652892562,0.15377253694519744
0.769,0.15761821366024517,0.9961543232849522,0.743801652892562,0.15377253694519744
0.77,0.15761821366024517,0.9961543232849522,0.743801652892562,0.15377253694519744
0.771,0.15411558669001751,0.9961543232849522,0.7394957983193278,0.1502699099749698
0.772,0.15236427320490367,0.9962783773725344,0.7435897435897436,0.14864265057743808
0.773,0.15236427320490367,0.9962783773725344,0.7435897435897436,0.14864265057743808
0.774,0.15236427320490367,0.9962783773725344,0.7435897435897436,0.14864265057743808
0.775,0.15236427320490367,0.9962783773725344,0.7435897435897436,0.14864265057743808
0.776,0.15236427320490367,0.9962783773725344,0.7435897435897436,0.14864265057743808
0.777,0.15061295971978983,0.9962783773725344,0.7413793103448276,0.14689133709232438
0.778,0.14886164623467601,0.9962783773725344,0.7391304347826086,0.14514002360721046
0.779,0.14711033274956217,0.9962783773725344,0.7368421052631579,0.14338871012209653
0.78,0.14711033274956217,0.9962783773725344,0.7368421052631579,0.14338871012209653
0.781,0.14711033274956217,0.9962783773725344,0.7368421052631579,0.14338871012209653
0.782,0.14711033274956217,0.9962783773725344,0.7368421052631579,0.14338871012209653
0.783,0.1436077057793345,0.9964024314601166,0.7387387387387387,0.1400101372394511
0.784,0.14185639229422067,0.9964024314601166,0.7363636363636363,0.1382588237543374
0.785,0.14185639229422067,0.9964024314601166,0.7363636363636363,0.1382588237543374
0.786,0.14185639229422067,0.9964024314601166,0.7363636363636363,0.1382588237543374
0.787,0.14185639229422067,0.9964024314601166,0.7363636363636363,0.1382588237543374
0.788,0.14010507880910683,0.9964024314601166,0.7339449541284404,0.13650751026922348
0.789,0.13660245183887915,0.9965264855476988,0.7358490566037735,0.13312893738657805
0.79,0.13660245183887915,0.9965264855476988,0.7358490566037735,0.13312893738657805
0.791,0.13485113835376533,0.9965264855476988,0.7333333333333333,0.13137762390146412
0.792,0.13485113835376533,0.9965264855476988,0.7333333333333333,0.13137762390146412
0.793,0.1330998248686515,0.9965264855476988,0.7307692307692307,0.12962631041635042
0.794,0.1330998248686515,0.9965264855476988,0.7307692307692307,0.12962631041635042
0.795,0.13134851138353765,0.9968986478104453,0.75,0.12824715919398288
0.796,0.12784588441331,0.9968986478104453,0.7448979591836735,0.12474453222375526
0.797,0.12784588441331,0.9968986478104453,0.7448979591836735,0.12474453222375526
0.798,0.12609457092819615,0.9968986478104453,0.7422680412371134,0.12299321873864155
0.799,0.12609457092819615,0.9970227018980276,0.75,0.12311727282622376
0.8,0.12609457092819615,0.9970227018980276,0.75,0.12311727282622376
0.801,0.1243432574430823,0.9970227018980276,0.7473684210526316,0.12136595934110983
0.802,0.1243432574430823,0.9970227018980276,0.7473684210526316,0.12136595934110983
0.803,0.1243432574430823,0.9970227018980276,0.7473684210526316,0.12136595934110983
0.804,0.1243432574430823,0.997270810073192,0.7634408602150538,0.12161406751627424
0.805,0.1243432574430823,0.997394864160774,0.7717391304347826,0.12173812160385644
0.806,0.1190893169877408,0.9975189182483563,0.7727272727272727,0.11660823523609709
0.807,0.11733800350262696,0.9975189182483563,0.7701149425287356,0.11485692175098317
0.808,0.11558669001751314,0.9975189182483563,0.7674418604651163,0.11310560826586946
0.809,0.1138353765323993,0.9975189182483563,0.7647058823529411,0.11135429478075554
0.81,0.1138353765323993,0.9975189182483563,0.7647058823529411,0.11135429478075554
0.811,0.11208406304728546,0.9976429723359385,0.7710843373493976,0.10972703538322381
0.812,0.11033274956217162,0.9976429723359385,0.7682926829268293,0.10797572189811011
0.8130000000000001,0.11033274956217162,0.9976429723359385,0.7682926829268293,0.10797572189811011
0.8140000000000001,0.1085814360770578,0.9976429723359385,0.7654320987654321,0.10622440841299619
0.8150000000000001,0.1085814360770578,0.9976429723359385,0.7654320987654321,0.10622440841299619
0.8160000000000001,0.10507880910683012,0.9977670264235207,0.7692307692307693,0.10284583553035076
0.8170000000000001,0.10507880910683012,0.9977670264235207,0.7692307692307693,0.10284583553035076
0.8180000000000001,0.10507880910683012,0.9977670264235207,0.7692307692307693,0.10284583553035076
0.8190000000000001,0.10507880910683012,0.9977670264235207,0.7692307692307693,0.10284583553035076
0.8200000000000001,0.10507880910683012,0.9977670264235207,0.7692307692307693,0.10284583553035076
0.8210000000000001,0.10507880910683012,0.9977670264235207,0.7692307692307693,0.10284583553035076
0.8220000000000001,0.10507880910683012,0.9977670264235207,0.7692307692307693,0.10284583553035076
0.8230000000000001,0.10507880910683012,0.9977670264235207,0.7692307692307693,0.10284583553035076
0.8240000000000001,0.10157618213660245,0.9977670264235207,0.7631578947368421,0.09934320856012313
0.8250000000000001,0.10157618213660245,0.9977670264235207,0.7631578947368421,0.09934320856012313
0.8260000000000001,0.09982486865148861,0.9977670264235207,0.76,0.0975918950750092
0.8270000000000001,0.09982486865148861,0.9977670264235207,0.76,0.0975918950750092
0.8280000000000001,0.09982486865148861,0.9978910805111029,0.7702702702702703,0.09771594916259141
0.8290000000000001,0.09982486865148861,0.9978910805111029,0.7702702702702703,0.09771594916259141
0.8300000000000001,0.09982486865148861,0.9978910805111029,0.7702702702702703,0.09771594916259141
0.8310000000000001,0.09982486865148861,0.9980151345986851,0.7808219178082192,0.09784000325017361
0.8320000000000001,0.09982486865148861,0.9980151345986851,0.7808219178082192,0.09784000325017361
0.833,0.09982486865148861,0.9981391886862672,0.7916666666666666,0.09796405733775582
0.834,0.09982486865148861,0.9981391886862672,0.7916666666666666,0.09796405733775582
0.835,0.09807355516637478,0.9981391886862672,0.7887323943661971,0.09621274385264189
0.836,0.09632224168126094,0.9981391886862672,0.7857142857142857,0.09446143036752819
0.837,0.09632224168126094,0.9981391886862672,0.7857142857142857,0.09446143036752819
0.838,0.09632224168126094,0.9981391886862672,0.7857142857142857,0.09446143036752819
0.839,0.09632224168126094,0.9982632427738494,0.7971014492753623,0.09458548445511039
0.84,0.09632224168126094,0.9982632427738494,0.7971014492753623,0.09458548445511039
0.841,0.09632224168126094,0.9982632427738494,0.7971014492753623,0.09458548445511039
0.842,0.09632224168126094,0.9982632427738494,0.7971014492753623,0.09458548445511039
0.843,0.0893169877408056,0.9982632427738494,0.7846153846153846,0.08758023051465491
0.844,0.0893169877408056,0.9982632427738494,0.7846153846153846,0.08758023051465491
0.845,0.0893169877408056,0.9982632427738494,0.7846153846153846,0.08758023051465491
0.846,0.08581436077057793,0.9983872968614316,0.7903225806451613,0.08420165763200949
0.847,0.0840630472854641,0.9983872968614316,0.7868852459016393,0.08245034414689556
0.848,0.08231173380035026,0.9985113509490138,0.7966101694915254,0.08082308474936406
0.849,0.08231173380035026,0.9985113509490138,0.7966101694915254,0.08082308474936406
0.85,0.08056042031523643,0.9985113509490138,0.7931034482758621,0.07907177126425013
0.851,0.08056042031523643,0.9985113509490138,0.7931034482758621,0.07907177126425013
0.852,0.08056042031523643,0.9985113509490138,0.7931034482758621,0.07907177126425013
0.853,0.08056042031523643,0.9985113509490138,0.7931034482758621,0.07907177126425013
0.854,0.08056042031523643,0.9987594591241782,0.8214285714285714,0.07931987943941454
0.855,0.08056042031523643,0.9987594591241782,0.8214285714285714,0.07931987943941454
0.856,0.08056042031523643,0.9987594591241782,0.8214285714285714,0.07931987943941454
0.857,0.08056042031523643,0.9987594591241782,0.8214285714285714,0.07931987943941454
0.858,0.08056042031523643,0.9987594591241782,0.8214285714285714,0.07931987943941454
0.859,0.08056042031523643,0.9987594591241782,0.8214285714285714,0.07931987943941454
0.86,0.07530647985989491,0.9987594591241782,0.8113207547169812,0.07406593898407321
0.861,0.07530647985989491,0.9987594591241782,0.8113207547169812,0.07406593898407321
0.862,0.07355516637478109,0.9987594591241782,0.8076923076923077,0.07231462549895928
0.863,0.07355516637478109,0.9987594591241782,0.8076923076923077,0.07231462549895928
0.864,0.07005253940455342,0.9987594591241782,0.8,0.06881199852873165
0.865,0.07005253940455342,0.9987594591241782,0.8,0.06881199852873165
0.866,0.06830122591943957,0.9988835132117603,0.8125,0.06718473913119993
0.867,0.06654991243432574,0.9988835132117603,0.8085106382978723,0.06543342564608601
0.868,0.06654991243432574,0.9988835132117603,0.8085106382978723,0.06543342564608601
0.869,0.0647985989492119,0.9988835132117603,0.8043478260869565,0.06368211216097208
0.87,0.06304728546409807,0.9988835132117603,0.8,0.06193079867585838
0.871,0.06304728546409807,0.9988835132117603,0.8,0.06193079867585838
0.872,0.06304728546409807,0.9988835132117603,0.8,0.06193079867585838
0.873,0.06129597197898424,0.9990075672993425,0.813953488372093,0.06030353927832666
0.874,0.0595446584938704,0.9990075672993425,0.8095238095238095,0.05855222579321295
0.875,0.0595446584938704,0.9990075672993425,0.8095238095238095,0.05855222579321295
0.876,0.0595446584938704,0.9990075672993425,0.8095238095238095,0.05855222579321295
0.877,0.05779334500875657,0.9990075672993425,0.8048780487804879,0.05680091230809903
0.878,0.05779334500875657,0.9990075672993425,0.8048780487804879,0.05680091230809903
0.879,0.05604203152364273,0.9990075672993425,0.8,0.055049598822985324
0.88,0.0542907180385289,0.9990075672993425,0.7948717948717948,0.0532982853378714
0.881,0.0542907180385289,0.9990075672993425,0.7948717948717948,0.0532982853378714
0.882,0.0542907180385289,0.9990075672993425,0.7948717948717948,0.0532982853378714
0.883,0.05253940455341506,0.9990075672993425,0.7894736842105263,0.05154697185275747
0.884,0.05253940455341506,0.9990075672993425,0.7894736842105263,0.05154697185275747
0.885,0.05253940455341506,0.9990075672993425,0.7894736842105263,0.05154697185275747
0.886,0.05253940455341506,0.9990075672993425,0.7894736842105263,0.05154697185275747
0.887,0.050788091068301226,0.9990075672993425,0.7837837837837838,0.04979565836764377
0.888,0.050788091068301226,0.9990075672993425,0.7837837837837838,0.04979565836764377
0.889,0.04903677758318739,0.9990075672993425,0.7777777777777778,0.048044344882529844
0.89,0.04903677758318739,0.9990075672993425,0.7777777777777778,0.048044344882529844
0.891,0.04903677758318739,0.9990075672993425,0.7777777777777778,0.048044344882529844
0.892,0.04903677758318739,0.9990075672993425,0.7777777777777778,0.048044344882529844
0.893,0.047285464098073555,0.9991316213869247,0.7941176470588235,0.046417085484998344
0.894,0.04553415061295972,0.9991316213869247,0.7878787878787878,0.04466577199988442
0.895,0.04553415061295972,0.9991316213869247,0.7878787878787878,0.04466577199988442
0.896,0.043782837127845885,0.9991316213869247,0.78125,0.04291445851477049
0.897,0.043782837127845885,0.9991316213869247,0.78125,0.04291445851477049
0.898,0.043782837127845885,0.9991316213869247,0.78125,0.04291445851477049
0.899,0.043782837127845885,0.9991316213869247,0.78125,0.04291445851477049
0.9,0.04203152364273205,0.9992556754745069,0.8,0.04128719911723899
0.901,0.04203152364273205,0.9992556754745069,0.8,0.04128719911723899
0.902,0.040280210157618214,0.9992556754745069,0.7931034482758621,0.03953588563212507
0.903,0.040280210157618214,0.9993797295620891,0.8214285714285714,0.03965993971970727
0.904,0.040280210157618214,0.9993797295620891,0.8214285714285714,0.03965993971970727
0.905,0.040280210157618214,0.9993797295620891,0.8214285714285714,0.03965993971970727
0.906,0.040280210157618214,0.9993797295620891,0.8214285714285714,0.03965993971970727
0.907,0.040280210157618214,0.9993797295620891,0.8214285714285714,0.03965993971970727
0.908,0.040280210157618214,0.9993797295620891,0.8214285714285714,0.03965993971970727
0.909,0.040280210157618214,0.9993797295620891,0.8214285714285714,0.03965993971970727
0.91,0.040280210157618214,0.9995037836496713,0.8518518518518519,0.039783993807289475
0.911,0.03852889667250438,0.9996278377372534,0.88,0.03815673440975775
0.912,0.03852889667250438,0.9996278377372534,0.88,0.03815673440975775
0.913,0.03852889667250438,0.9996278377372534,0.88,0.03815673440975775
0.914,0.03677758318739054,0.9996278377372534,0.875,0.03640542092464383
0.915,0.03677758318739054,0.9996278377372534,0.875,0.03640542092464383
0.916,0.03677758318739054,0.9997518918248356,0.9130434782608695,0.03652947501222603
0.917,0.03502626970227671,0.9997518918248356,0.9090909090909091,0.03477816152711233
0.918,0.03152364273204904,0.9997518918248356,0.9,0.0312755345568847
0.919,0.03152364273204904,0.9997518918248356,0.9,0.0312755345568847
0.92,0.03152364273204904,0.9997518918248356,0.9,0.0312755345568847
0.921,0.03152364273204904,0.9997518918248356,0.9,0.0312755345568847
0.922,0.0297723292469352,0.9997518918248356,0.8947368421052632,0.029524221071770773
0.923,0.0297723292469352,0.9997518918248356,0.8947368421052632,0.029524221071770773
0.924,0.0297723292469352,0.9997518918248356,0.8947368421052632,0.029524221071770773
0.925,0.0297723292469352,0.9997518918248356,0.8947368421052632,0.029524221071770773
0.926,0.028021015761821366,0.9997518918248356,0.8888888888888888,0.02777290758665707
0.927,0.02626970227670753,0.9997518918248356,0.8823529411764706,0.026021594101543144
0.928,0.024518388791593695,0.9997518918248356,0.875,0.02427028061642922
0.929,0.02276707530647986,0.9998759459124178,0.9285714285714286,0.02264302121889772
0.93,0.02276707530647986,0.9998759459124178,0.9285714285714286,0.02264302121889772
0.931,0.02276707530647986,0.9998759459124178,0.9285714285714286,0.02264302121889772
0.932,0.02276707530647986,0.9998759459124178,0.9285714285714286,0.02264302121889772
0.933,0.02276707530647986,0.9998759459124178,0.9285714285714286,0.02264302121889772
0.934,0.02276707530647986,0.9998759459124178,0.9285714285714286,0.02264302121889772
0.935,0.021015761821366025,0.9998759459124178,0.9230769230769231,0.020891707733783793
0.936,0.017513134851138354,0.9998759459124178,0.9090909090909091,0.017389080763556164
0.937,0.017513134851138354,0.9998759459124178,0.9090909090909091,0.017389080763556164
0.9380000000000001,0.01576182136602452,0.9998759459124178,0.9,0.01563776727844224
0.9390000000000001,0.01576182136602452,0.9998759459124178,0.9,0.01563776727844224
0.9400000000000001,0.01576182136602452,0.9998759459124178,0.9,0.01563776727844224
0.9410000000000001,0.01576182136602452,0.9998759459124178,0.9,0.01563776727844224
0.9420000000000001,0.01576182136602452,0.9998759459124178,0.9,0.01563776727844224
0.9430000000000001,0.01576182136602452,0.9998759459124178,0.9,0.01563776727844224
0.9440000000000001,0.01576182136602452,0.9998759459124178,0.9,0.01563776727844224
0.9450000000000001,0.01576182136602452,1.0,1.0,0.015761821366024442
0.9460000000000001,0.01576182136602452,1.0,1.0,0.015761821366024442
0.9470000000000001,0.01576182136602452,1.0,1.0,0.015761821366024442
0.9480000000000001,0.014010507880910683,1.0,1.0,0.014010507880910739
0.9490000000000001,0.014010507880910683,1.0,1.0,0.014010507880910739
0.9500000000000001,0.014010507880910683,1.0,1.0,0.014010507880910739
0.9510000000000001,0.014010507880910683,1.0,1.0,0.014010507880910739
0.9520000000000001,0.014010507880910683,1.0,1.0,0.014010507880910739
0.9530000000000001,0.014010507880910683,1.0,1.0,0.014010507880910739
0.9540000000000001,0.014010507880910683,1.0,1.0,0.014010507880910739
0.9550000000000001,0.014010507880910683,1.0,1.0,0.014010507880910739
0.9560000000000001,0.014010507880910683,1.0,1.0,0.014010507880910739
0.9570000000000001,0.012259194395796848,1.0,1.0,0.012259194395796813
0.9580000000000001,0.012259194395796848,1.0,1.0,0.012259194395796813
0.9590000000000001,0.012259194395796848,1.0,1.0,0.012259194395796813
0.96,0.012259194395796848,1.0,1.0,0.012259194395796813
0.961,0.012259194395796848,1.0,1.0,0.012259194395796813
0.962,0.012259194395796848,1.0,1.0,0.012259194395796813
0.963,0.012259194395796848,1.0,1.0,0.012259194395796813
0.964,0.012259194395796848,1.0,1.0,0.012259194395796813
0.965,0.008756567425569177,1.0,1.0,0.008756567425569184
0.966,0.008756567425569177,1.0,1.0,0.008756567425569184
0.967,0.008756567425569177,1.0,1.0,0.008756567425569184
0.968,0.0070052539404553416,1.0,1.0,0.007005253940455258
0.969,0.005253940455341506,1.0,1.0,0.005253940455341555
0.97,0.0035026269702276708,1.0,1.0,0.003502626970227629
0.971,0.0017513134851138354,1.0,1.0,0.0017513134851139256
0.972,0.0017513134851138354,1.0,1.0,0.0017513134851139256
0.973,0.0017513134851138354,1.0,1.0,0.0017513134851139256
0.974,0.0017513134851138354,1.0,1.0,0.0017513134851139256
0.975,0.0017513134851138354,1.0,1.0,0.0017513134851139256
0.976,0.0017513134851138354,1.0,1.0,0.0017513134851139256
0.977,0.0017513134851138354,1.0,1.0,0.0017513134851139256
0.978,0.0017513134851138354,1.0,1.0,0.0017513134851139256
0.979,0.0017513134851138354,1.0,1.0,0.0017513134851139256
0.98,0.0,1.0,,0.0
0.981,0.0,1.0,,0.0
0.982,0.0,1.0,,0.0
0.983,0.0,1.0,,0.0
0.984,0.0,1.0,,0.0
0.985,0.0,1.0,,0.0
0.986,0.0,1.0,,0.0
0.987,0.0,1.0,,0.0
0.988,0.0,1.0,,0.0
0.989,0.0,1.0,,0.0
0.99,0.0,1.0,,0.0
0.991,0.0,1.0,,0.0
0.992,0.0,1.0,,0.0
0.993,0.0,1.0,,0.0
0.994,0.0,1.0,,0.0
0.995,0.0,1.0,,0.0
0.996,0.0,1.0,,0.0
0.997,0.0,1.0,,0.0
0.998,0.0,1.0,,0.0
0.999,0.0,1.0,,0.0
1.0,0.0,1.0,,0.0
